1,Dud True,Chennai
2,Caroljean De Freyne,Mumbai
3,Noll Vedmore,Mumbai
4,Shirleen Maus,Chennai
5,Geoffrey Boller,Bangalore
6,Hagan Wordington,Hyderabad
7,Rowan Seeborne,Mumbai
8,Levon Bothwell,Mumbai
9,Ruthe Sullly,Hyderabad
10,Dela Ellsbury,Noida
11,Suzi Thirlwell,Noida
12,Denney Lucius,Gurugram
13,Editha Emanuelli,Gurugram
14,Felice Haggerstone,Mysore
15,Omero Benduhn,Gurugram
16,Breanne Saban,Pune
17,Cyndy Redrup,Hyderabad
18,Orelie Vannar,Hyderabad
19,Edwin Batha,Gurugram
20,Desiree Lorenzini,Pune
21,Misty Braund,Gurugram
22,Kikelia Style,Mysore
23,Randal McLardie,Hyderabad
24,Buck Cufflin,Hyderabad
25,Beitris Doumenc,Noida
26,Konstantin Eastman,Pune
27,Delly Farguhar,Bangalore
28,Gardiner Yaneev,Mysore
29,Kate Walkington,Bangalore
30,Lelia Copping,Noida
31,Allan Brammall,Mumbai
32,Farr Gorke,Mysore
33,Courtney Iacobini,Gurugram
34,Ximenes Digan,Bangalore
35,Dag Newman,Hyderabad
36,Carlene Sloley,Hyderabad
37,Veronika Odger,Noida
38,Andrus Bradford,Chennai
39,Zelma Bettison,Hyderabad
40,Duke Passfield,Gurugram
41,Thebault Marsland,Mumbai
42,Hy Kilroy,Chennai
43,Bartlett Helliker,Hyderabad
44,Sophie Haddrell,Noida
45,Kennith Demogeot,Mumbai
46,Lexy Ellington,Mysore
47,Tandie Stirrup,Noida
48,Jorey Costi,Chennai
49,Virginia Whiteford,Mumbai
50,Edy Blyde,Mysore
51,Napoleon Griston,Chennai
52,Christoffer Billingsly,Chennai
53,Germain Pensom,Hyderabad
54,Idalia Casebourne,Chennai
55,Dieter Philip,Mumbai
56,Sharon Clendening,Pune
57,Kitty Shuxsmith,Gurugram
58,Karon Le Fleming,Mysore
59,Lorene Benoi,Pune
60,Tracie Lacheze,Mumbai
61,Thom Corkhill,Pune
62,Tore Cafe,Bangalore
63,Rip Derye-Barrett,Mysore
64,Horton Graybeal,Mysore
65,Land Yeldon,Mysore
66,Benita Defty,Bangalore
67,Alida Meddick,Noida
68,Farrah Crane,Mysore
69,Albina Peres,Bangalore
70,Madel Presdee,Gurugram
71,Salomon Barrim,Noida
72,Padget Haugeh,Hyderabad
73,Bertha Grayston,Gurugram
74,Tera Rockell,Bangalore
75,Olivia Vardie,Mumbai
76,Vanessa Casarino,Noida
77,Cherye Friday,Noida
78,Sylvan Treasaden,Bangalore
79,Hatty Claussen,Gurugram
80,Mirabelle Seebert,Noida
81,Sande O'Suaird,Noida
82,Harwilll Honatsch,Hyderabad
83,Aaron Boarder,Chennai
84,Kath Whitlam,Bangalore
85,Noreen Julian,Chennai
86,Sonni Holleworth,Mysore
87,Forrester Danilishin,Mysore
88,Newton Cowitz,Mysore
89,Chantal Ivel,Noida
90,Launce Firbanks,Noida
91,Katalin Brookes,Hyderabad
92,Brice Dimitriev,Gurugram
93,Stephana Thorpe,Noida
94,Lanny Shackelton,Mumbai
95,Eal Baston,Chennai
96,Haydon Eldridge,Pune
97,Morna Paskin,Pune
98,Hilliard Leverson,Gurugram
99,Hendrika Dugood,Mysore
100,Holt Abbitt,Mysore
101,Delmore Spiteri,Gurugram
102,Constantino Goodridge,Hyderabad
103,Pepi Robertot,Pune
104,Patrizio Tinton,Hyderabad
105,Stephine Al Hirsi,Bangalore
106,Janette Clayill,Pune
107,Elsy O'Hoolahan,Hyderabad
108,Moyra Waldram,Hyderabad
109,Link Grzes,Hyderabad
110,Lucky Cregan,Noida
111,Alister De Simoni,Pune
112,Nanon Clegg,Noida
113,Gabriella Eddleston,Pune
114,Delora Pedler,Noida
115,Laurice Ofen,Mysore
116,Beale Crane,Hyderabad
117,Patrizia Dunnan,Mumbai
118,Harlen Normanvill,Noida
119,Shell Emig,Mysore
120,Zolly Mattin,Pune
121,Zenia Cail,Mumbai
122,Anatollo Osgordby,Bangalore
123,Sibyl Abramovic,Gurugram
124,Deborah Cheney,Gurugram
125,Hesther Ors,Noida
126,Cora Wrintmore,Bangalore
127,Lorry Stirley,Mumbai
128,Bobby Vanetti,Bangalore
129,Kirbie Eastlake,Mysore
130,Elga O'Hartigan,Noida
131,Edwina Fardy,Mysore
132,Jeri Andrzej,Hyderabad
133,Fifi Ervine,Chennai
134,Frasco Commins,Mumbai
135,Jordanna Waber,Chennai
136,Kinsley Vicar,Chennai
137,Brien Vann,Bangalore
138,Gallard Nan Carrow,Mysore
139,Janey Merwede,Hyderabad
140,Ardith Butson,Mysore
141,Susanna Beale,Gurugram
142,Cassaundra McMenamy,Noida
143,Gerrie Ewestace,Chennai
144,Korney Cosgrave,Mysore
145,Marta Olfert,Bangalore
146,Cart Pittem,Bangalore
147,Hube Kunrad,Hyderabad
148,Tobe Bome,Gurugram
149,Otis Harbert,Chennai
150,Helen Eastman,Gurugram
151,Inesita Sunock,Mysore
152,Arden Pilcher,Mumbai
153,Jemmie Simeoni,Pune
154,Thaddeus Sandercroft,Gurugram
155,Frank Brandassi,Noida
156,Celinda Yanyshev,Pune
157,Alick Calendar,Hyderabad
158,Betteanne Venditti,Bangalore
159,Sibelle Baldree,Mumbai
160,Fanny Flea,Mysore
161,Bronson Jehu,Chennai
162,Mallory Gerren,Gurugram
163,Pedro Benedicto,Mumbai
164,Emanuel Yablsley,Chennai
165,Ladonna Tireman,Mysore
166,Yankee Garric,Bangalore
167,Tedi Conwell,Hyderabad
168,Bastian MacGorrie,Noida
169,Flinn Cargon,Mumbai
170,Kelsi Bonas,Gurugram
171,Lenora Pelz,Gurugram
172,Caralie Beves,Noida
173,Joline Hurrell,Noida
174,Melania Avraam,Noida
175,Bunni Ewbanche,Gurugram
176,Lewie Bourhill,Noida
177,Frederic Winmill,Hyderabad
178,Pearle Glanester,Bangalore
179,Law Pays,Pune
180,Bellina Magee,Noida
181,Morgun Tedder,Pune
182,Jean Bohman,Gurugram
183,Gery Smuth,Bangalore
184,Devora Durban,Pune
185,Jilly Gilvear,Mysore
186,Aileen Terlinden,Mysore
187,Amy Pick,Pune
188,Kip Klimentyonok,Gurugram
189,Karel Poznan,Mumbai
190,Silvio Bonnick,Chennai
191,Merrile Ferres,Pune
192,Vanda Lyddy,Pune
193,Roderich Fysh,Mysore
194,Englebert Sisneros,Pune
195,Genni Benneyworth,Mumbai
196,Lorraine Todeo,Mumbai
197,Goddart Owthwaite,Bangalore
198,Joan Messier,Hyderabad
199,Darelle Licciardiello,Mysore
200,Gerri Finlay,Mysore
201,Ermentrude Espinoza,Bangalore
202,Charil Maffulli,Pune
203,Humfrey Reeds,Hyderabad
204,Kendell Boyton,Bangalore
205,Guillemette Blackall,Pune
206,Arnaldo Briscoe,Pune
207,Maisey Scourgie,Gurugram
208,Giffer Mowlam,Bangalore
209,Gardie MacCarrane,Gurugram
210,Thurstan Butt Gow,Hyderabad
211,Nessi Duffyn,Gurugram
212,Jewelle Barkaway,Bangalore
213,Dotty Nabarro,Mumbai
214,Dael Eva,Mumbai
215,Alden Busen,Noida
216,Sky Mudge,Pune
217,Vic Antram,Bangalore
218,Jammal Jeakins,Gurugram
219,Austin Sugarman,Mysore
220,Jilli Spehr,Chennai
221,Jerrine Angrove,Chennai
222,Donn Pittendreigh,Noida
223,Gilbertine Mattiessen,Mumbai
224,Margaux Jobin,Mysore
225,Vick Stannas,Mumbai
226,Elga Bowld,Noida
227,Cyril Kuna,Bangalore
228,Cobby Romi,Noida
229,Harcourt Brands,Noida
230,Katusha Carp,Hyderabad
231,Ilario Abels,Mumbai
232,Mortimer Curds,Mysore
233,Leonidas Fauguel,Mumbai
234,Suzie Cersey,Mysore
235,Coraline Ancell,Bangalore
236,Garvin Demange,Hyderabad
237,Pansie Helleker,Bangalore
238,Derrik Metzig,Chennai
239,Linette Ord,Mumbai
240,Cammy Shillito,Mysore
241,Lyell Joncic,Pune
242,Stirling Bloxsum,Gurugram
243,Chrissie O'Cridigan,Hyderabad
244,Cosme Maund,Gurugram
245,Kenton Antao,Pune
246,Eberto O'Corrin,Gurugram
247,Cristabel Kaygill,Chennai
248,Ara Konke,Noida
249,Clemmy Ridley,Hyderabad
250,Audy Tonnesen,Mumbai
251,Adorne Corker,Noida
252,Halimeda Stockings,Bangalore
253,Kevyn Ong,Mumbai
254,Barbaraanne McCrisken,Hyderabad
255,Vern Harriss,Noida
256,Mack Dummer,Chennai
257,Olimpia McCreery,Pune
258,Caye Soigne,Pune
259,Rubina Espadero,Bangalore
260,Jessalyn Ashlin,Hyderabad
261,Phil Crucitti,Hyderabad
262,Carissa Goodchild,Pune
263,Ichabod Cochran,Mumbai
264,Upton Camel,Mumbai
265,Pauline Schroder,Mysore
266,Kathie Boxill,Mysore
267,Chere Ogle,Noida
268,Sancho Fruchon,Hyderabad
269,Analise Decent,Chennai
270,Lita Old,Noida
271,Malchy Weddup,Mysore
272,Monah Feronet,Noida
273,Dyan Poultney,Mumbai
274,Lorne Benit,Mumbai
275,Mina Jerson,Mumbai
276,Kati Darnbrough,Bangalore
277,Ned Degue,Pune
278,Hube Headington,Noida
279,Lily Ervine,Pune
280,Roxi Boddam,Mysore
281,Odele Stainfield,Hyderabad
282,Valeria Littler,Pune
283,Gerhard Theunissen,Hyderabad
284,Perry Balogh,Chennai
285,Carolann Keeves,Hyderabad
286,Garvin Torvey,Hyderabad
287,Kaylil Valentin,Gurugram
288,Christen Bannester,Pune
289,Jonie Pennone,Noida
290,Norina Lunge,Mysore
291,Stesha Francey,Gurugram
292,Anderson Pickton,Chennai
293,Calla Rames,Noida
294,Aurel McLucky,Mysore
295,Therine Lang,Gurugram
296,Sarine Escolme,Noida
297,Beatrix Bruford,Mumbai
298,Dre Skellington,Pune
299,Freddy Stansby,Pune
300,Bliss Granville,Mysore
301,Terrence Amesbury,Noida
302,Grantley Macklam,Gurugram
303,Cam Burbidge,Bangalore
304,Patrizio McFeate,Mysore
305,Federico Hannigane,Chennai
306,Emiline Wingeat,Noida
307,Gustav Lugsdin,Noida
308,Jens Surmeyer,Gurugram
309,Gertrudis Shilito,Mysore
310,Hannis McOnie,Hyderabad
311,Blane Lafferty,Mysore
312,Latrina Cud,Mumbai
313,Armstrong Dripp,Pune
314,Estele Verrell,Bangalore
315,Brigham Bissex,Mumbai
316,Roberto Warricker,Noida
317,Lauren Drinan,Gurugram
318,Yule Whitehorn,Hyderabad
319,Odette Haddacks,Mysore
320,Glyn Coneybeer,Bangalore
321,Mick Morch,Mumbai
322,Dorthy Karpfen,Gurugram
323,Nicole Torbett,Pune
324,Joelle Koeppe,Mysore
325,Steffen Jeskin,Gurugram
326,Darleen Lismore,Mysore
327,Marylinda Rembaud,Mumbai
328,Henrik Campion,Gurugram
329,Caprice Andreopolos,Mysore
330,Catlaina Wines,Noida
331,Leland Pharo,Noida
332,Melinda Iverson,Noida
333,Nickie Dresser,Pune
334,Dall Aubery,Mysore
335,Marlon Dolohunty,Mumbai
336,Leila Elen,Pune
337,Concordia Emmert,Gurugram
338,Shana Mulrean,Mumbai
339,Lilian Smaridge,Bangalore
340,Antonio Jovey,Mumbai
341,Timotheus Kroll,Mumbai
342,Delilah Lukianov,Pune
343,Adiana Ferrierio,Chennai
344,Jada Woodyer,Mysore
345,Addy Stannion,Chennai
346,Lorant Corteis,Mysore
347,Thaine Linder,Bangalore
348,Modesty Iliff,Noida
349,Olin Roan,Bangalore
350,Mirabella Runcieman,Pune
351,Leigha Adderley,Mysore
352,Fara Lampitt,Pune
353,Kerry Lesaunier,Hyderabad
354,Miles Rushman,Noida
355,Ivette Defew,Pune
356,Derick Fonteyne,Mysore
357,Danyette Moultrie,Noida
358,Karrie Woodvine,Mumbai
359,Floyd Ewbanke,Noida
360,Errick Rogans,Pune
361,Noelyn Gregori,Mumbai
362,Rochelle Kenningley,Bangalore
363,Marion Jorgesen,Hyderabad
364,Irina Bonner,Gurugram
365,Chrisse O'Heagertie,Gurugram
366,Alla Lowrie,Mumbai
367,Marjy Rishman,Mysore
368,Cindy Burgum,Mysore
369,Tudor Gwyer,Hyderabad
370,Ronalda Burgoyne,Pune
371,Neely Basek,Pune
372,Standford Questier,Mumbai
373,Bobinette Jecks,Bangalore
374,Rolland Aylmore,Noida
375,Arlan Henrych,Hyderabad
376,Monro Seamen,Mysore
377,Othilia Thickens,Mumbai
378,Bertine Axup,Pune
379,Verla Delf,Mysore
380,Eleanora Snowding,Noida
381,Nick Adamides,Bangalore
382,Mel Wattingham,Mumbai
383,Colene Blanc,Chennai
384,Moina Vondruska,Hyderabad
385,Peggy Macy,Noida
386,Lincoln Ocheltree,Hyderabad
387,Humfried Hoopper,Mumbai
388,Giuditta Finessy,Gurugram
389,Kerby Stammer,Gurugram
390,Sapphire Tulk,Mysore
391,Caryn Kinavan,Bangalore
392,Ansel Kliemke,Gurugram
393,Rebekkah Grinvalds,Hyderabad
394,Darlene Antonietti,Mumbai
395,Marlee Putton,Noida
396,Roze Dudenie,Noida
397,Audie Grigolon,Gurugram
398,Pinchas MacVicar,Gurugram
399,Kit Sissot,Gurugram
400,Hillery Tregent,Pune
401,Jed Ferns,Gurugram
402,Lemar Divisek,Chennai
403,Arabele Osipov,Mysore
404,Chelsey Nelligan,Chennai
405,Stefano Juanico,Chennai
406,Bucky McTrustam,Hyderabad
407,Federica Dearnley,Mumbai
408,Octavia Vasyushkhin,Noida
409,Linea Carwithan,Pune
410,Lynna Drackford,Mysore
411,Katine Bendel,Hyderabad
412,Meade McElvogue,Pune
413,Hertha Fallawe,Hyderabad
414,Galven Allaker,Mumbai
415,Keeley Quinlan,Gurugram
416,Kat Giovannacci,Gurugram
417,Miof mela Eneas,Mumbai
418,Batholomew Percival,Mumbai
419,Codi Wildgoose,Chennai
420,Faye Wince,Gurugram
421,Launce Monkton,Pune
422,Remy Blakeston,Mumbai
423,Dan Kenealy,Pune
424,Ive De Bernardi,Bangalore
425,Brody Seaborn,Gurugram
426,Nikki Hockell,Noida
427,Avie Humpherson,Chennai
428,Duffie Cherrett,Pune
429,Cyndia Findon,Gurugram
430,Evan Andersen,Chennai
431,Terri-jo Noseworthy,Chennai
432,Gabey Trymme,Bangalore
433,Nanny Bengough,Hyderabad
434,Mitchael Hawk,Mumbai
435,Corrie Joubert,Noida
436,Courtenay Balsdon,Hyderabad
437,Reinwald Chapiro,Chennai
438,Tate Marsie,Mysore
439,Debora Mousley,Gurugram
440,Jerrylee Titcumb,Pune
441,Merwyn Godbald,Mumbai
442,Sybil Mordue,Noida
443,Sonnie Glasgow,Mumbai
444,Alisander Alford,Pune
445,Elysee Rowan,Chennai
446,Rose Bitcheno,Mumbai
447,Franciskus Ison,Chennai
448,Worthy Fonso,Chennai
449,Jennette Indruch,Pune
450,Faina Boissieux,Mysore
451,Clem Moreinis,Pune
452,Joy Hansbury,Mumbai
453,Jaimie Cuardall,Bangalore
454,Jason Tollet,Pune
455,Gerrard Mallia,Mysore
456,Gunner Klaggeman,Chennai
457,Lia O'Hollegan,Pune
458,Rowan MacVagh,Gurugram
459,Serge Vernalls,Mysore
460,Seana Munkley,Noida
461,Haleigh Alstead,Chennai
462,Orelie Lamble,Bangalore
463,Sydney Patifield,Mumbai
464,Shirlene Dudney,Pune
465,Daveta Upstone,Mumbai
466,Daisy Beeze,Gurugram
467,Gaven Belsher,Noida
468,Inigo Corson,Gurugram
469,Carlen Hebborne,Pune
470,Kaitlyn Oakshott,Chennai
471,Carny Heakins,Bangalore
472,Ketti Spragge,Noida
473,Arlie Le Borgne,Hyderabad
474,Meagan Roseman,Hyderabad
475,Corbett Minghi,Noida
476,Lyndell Huband,Pune
477,Brandy Constantine,Mumbai
478,Thomasa Burniston,Gurugram
479,Patrizia Cochern,Pune
480,Brett Gumary,Mysore
481,Caleb A'field,Gurugram
482,Debbie Colloby,Bangalore
483,Bobette Musslewhite,Pune
484,Dynah Pozzo,Bangalore
485,Auberon Hickinbottom,Mumbai
486,Christos Shafier,Pune
487,Cate Rosthorn,Chennai
488,Florida Bonney,Pune
489,Hagen Rigden,Pune
490,Alexandr Filipic,Mumbai
491,Paulie Dayer,Mysore
492,Kirstyn Biddleston,Gurugram
493,Tamar Diggell,Bangalore
494,Dwight Mayfield,Hyderabad
495,Valli Cramphorn,Bangalore
496,Kendre O'Mailey,Gurugram
497,Goldarina Lidgard,Bangalore
498,Cristabel Thorndycraft,Mumbai
499,Nobie Cafferky,Bangalore
500,Minnaminnie Shillom,Mumbai
501,Theressa Wanka,Bangalore
502,Gearard Claus,Gurugram
503,Eugenius Corrao,Hyderabad
504,Chev Pallis,Bangalore
505,Filia McCallam,Chennai
506,Garner Dearn,Chennai
507,Orelie Rose,Mumbai
508,Livvy Caslin,Mumbai
509,Toinette Brader,Bangalore
510,Kelsi Groves,Hyderabad
511,Murdock Danielsson,Mysore
512,Christye Dellar,Hyderabad
513,Deedee Arnaldi,Noida
514,Alica Boundy,Noida
515,Brade Warters,Gurugram
516,Hewitt Fellnee,Mysore
517,Hasty Rothert,Mysore
518,Shepard Townley,Chennai
519,Perice Ambrose,Hyderabad
520,Leisha Lipsett,Chennai
521,Kesley Selvester,Bangalore
522,Web Spittal,Hyderabad
523,Genni Parkman,Pune
524,Hersch Buesnel,Bangalore
525,Fielding Blaber,Hyderabad
526,Bambi Hedde,Mysore
527,Jackqueline Bradbury,Noida
528,Giusto Ozelton,Mumbai
529,Charo Rieme,Bangalore
530,Kendre Zettoi,Pune
531,Tasia Sheers,Bangalore
532,Niel Gribble,Mumbai
533,Caprice Kinnane,Noida
534,Ciro Doy,Pune
535,Goddart Wincer,Bangalore
536,Gaven Doerling,Noida
537,Shannon Marqyes,Chennai
538,Locke Shaddock,Noida
539,Sully MacCook,Bangalore
540,Joice Kuschel,Gurugram
541,Tamqrah Hryniewicki,Gurugram
542,Byrle Pedycan,Noida
543,Andre McArdell,Mysore
544,Ara Mattsson,Mysore
545,Walker Aloshechkin,Mysore
546,Pansy MacParland,Gurugram
547,Amara Picker,Bangalore
548,Vania MacEveley,Chennai
549,Aliza Kelsey,Mumbai
550,Deeyn Le Floch,Gurugram
551,Sterne Hardeman,Chennai
552,Powell Thirtle,Mumbai
553,Genni Golland,Hyderabad
554,Wallie Lewer,Noida
555,Kip Scotts,Gurugram
556,Julieta Goodinson,Mumbai
557,Corey McConway,Mysore
558,Shela Piel,Mumbai
559,Wallas Scritch,Pune
560,Betti Baseley,Mumbai
561,Alfredo Terrell,Hyderabad
562,Pauli Peacham,Gurugram
563,Colan Pioli,Chennai
564,Lenka Wathey,Mysore
565,Pepito Digby,Gurugram
566,Felita Sword,Pune
567,Roarke MacGillivray,Chennai
568,Colver Camilleri,Mumbai
569,Tades Masedon,Gurugram
570,Eveleen Ellen,Mysore
571,Bank Coch,Bangalore
572,Lars Kill,Pune
573,Sharl Domerc,Chennai
574,North Cawthorne,Hyderabad
575,Justine Di Matteo,Hyderabad
576,Georgianne Archbutt,Mysore
577,Yuma Cockren,Mysore
578,Jordon Emberton,Mumbai
579,Daniele Chatel,Pune
580,Christophe Kinnaird,Bangalore
581,Lolita Gladhill,Gurugram
582,Sterling Shorthouse,Noida
583,Murvyn Dillingstone,Chennai
584,Seumas Gaynes,Mysore
585,Feodor Gleave,Mumbai
586,Brent Coulthard,Mumbai
587,Dilan Markus,Hyderabad
588,Thomasina Quincey,Hyderabad
589,Thayne Wilkerson,Noida
590,Alexandro Poplee,Mysore
591,Sissie Greste,Noida
592,Freddie Mowbray,Noida
593,Iorgo Runacres,Gurugram
594,Francine Lampl,Gurugram
595,Sherwood Folker,Bangalore
596,Francklin Whistlecroft,Chennai
597,Ikey Willmett,Mysore
598,Alejoa Spellard,Hyderabad
599,Kathrine Kobera,Bangalore
600,Pansie Brunicke,Hyderabad
601,Blayne Beddoes,Pune
602,Joice Gibbins,Bangalore
603,Cristen Tidball,Noida
604,Shelba Siddell,Noida
605,Laurianne Northin,Bangalore
606,Mathilda Denzey,Bangalore
607,Anita Rushmer,Bangalore
608,Kaylil Bissex,Pune
609,Tristam Kensitt,Gurugram
610,Mata Andrus,Mumbai
611,Lynelle Itzkovwich,Bangalore
612,Raleigh Phinnis,Chennai
613,Fredra Auten,Pune
614,Barnett Sedgmond,Hyderabad
615,Farly Duffy,Noida
616,Marve Valdes,Gurugram
617,Riva Harwin,Gurugram
618,Skylar Bloomer,Mumbai
619,Lamont Bradwell,Pune
620,Giacobo Brezlaw,Gurugram
621,Stefanie Corde,Noida
622,Daune Chadderton,Gurugram
623,Sydney Charrette,Gurugram
624,Jermaine Chedgey,Chennai
625,Sherri Sharp,Pune
626,Salem Knight,Mysore
627,Staffard Lansdowne,Hyderabad
628,Shurlocke Gimert,Bangalore
629,Buddie MacElroy,Mumbai
630,Livy Richemond,Hyderabad
631,Norby Leonarde,Bangalore
632,Hermie Wallsworth,Chennai
633,Ivette Taffe,Mysore
634,Aurie Thurnham,Pune
635,Silvan Joynson,Pune
636,Amalie Boatman,Chennai
637,Dierdre Sigmund,Mysore
638,Cristine Fillis,Mumbai
639,Brit Jorio,Chennai
640,Olivia Ondricek,Chennai
641,Phylys Matteuzzi,Pune
642,Verena Yardley,Gurugram
643,Wilden Pikett,Mumbai
644,Baily Dunaway,Chennai
645,Bar Headings,Pune
646,Reeva Lehrmann,Gurugram
647,Becky Urey,Noida
648,Kermy MacDunleavy,Bangalore
649,Karyn Troni,Gurugram
650,Fifi Northridge,Mumbai
651,Davida Dunnet,Mumbai
652,Almire Whyke,Pune
653,Corella Saffle,Noida
654,Madalena Acom,Gurugram
655,Muffin Dyet,Gurugram
656,Arluene McLarty,Chennai
657,Gav Devoy,Hyderabad
658,Ashley Alwood,Noida
659,Dirk Troman,Mysore
660,Alys Issacof,Noida
661,Meta Banister,Pune
662,Linus Bedow,Mumbai
663,Matty Roseman,Bangalore
664,Leonerd Zanassi,Bangalore
665,Cull Allworthy,Noida
666,Evonne Legrand,Noida
667,Towny Pengilley,Hyderabad
668,Chance Ivankin,Noida
669,Doretta Beeck,Bangalore
670,Lesli Emslie,Pune
671,Mac Keenlayside,Gurugram
672,Travus Epelett,Bangalore
673,Mindy Manntschke,Noida
674,Shurlocke Jansie,Hyderabad
675,Elli Wasmer,Pune
676,Nil Joust,Mumbai
677,Bartholomeo Spleving,Mysore
678,Chad Costock,Mysore
679,Lita Wigan,Gurugram
680,Kane Allder,Chennai
681,Annamarie Kleingrub,Pune
682,Maible Orry,Mysore
683,Humbert Jakel,Hyderabad
684,Ginelle Greatreax,Noida
685,Tris Bardey,Gurugram
686,Eadith Bulstrode,Mysore
687,Hailee Symonds,Mumbai
688,Rachel McIndrew,Bangalore
689,Dorie Taplow,Bangalore
690,Ailee Sowden,Mysore
691,Maura Canet,Mumbai
692,Darcy Giraldo,Gurugram
693,Stanfield Kleyn,Hyderabad
694,Ruperto Fillary,Pune
695,Marlin Roon,Mysore
696,Birgitta Gomby,Noida
697,Daphne Dubbin,Hyderabad
698,Miles Darree,Mysore
699,Clemmy Orable,Gurugram
700,Liam Mathivat,Gurugram
701,Ruby Sivior,Bangalore
702,Danice Pollard,Noida
703,Matthieu Glowach,Pune
704,Glen Itzcak,Hyderabad
705,Silvio Goddert.sf,Mumbai
706,Alexia Delbergue,Noida
707,Carolyn Spellman,Bangalore
708,Larine Audenis,Bangalore
709,Teresina Lightning,Gurugram
710,Ulick Jannequin,Noida
711,Salim Jeppensen,Pune
712,Marietta Blanc,Hyderabad
713,Robbyn Cogzell,Bangalore
714,Feodor Bosket,Mysore
715,Rudolf Gladdish,Gurugram
716,Valentine Grieveson,Bangalore
717,Nicole Kerton,Mumbai
718,Danila Botterell,Chennai
719,Normy Form,Gurugram
720,Lucienne Claiden,Chennai
721,Wilone Piddlesden,Pune
722,Ebba Shrimpling,Gurugram
723,Lavena Verman,Pune
724,Tamqrah Zealander,Noida
725,Kaye Klulik,Pune
726,Vladimir Brew,Chennai
727,Vaughan MacIlriach,Bangalore
728,Annmaria O'Finan,Chennai
729,Camilla Langman,Noida
730,Vincent Irnis,Chennai
731,Mara Speechly,Pune
732,Tori Grosvener,Hyderabad
733,Camille O'Driscole,Chennai
734,Carree Frift,Bangalore
735,Siffre Chadwell,Noida
736,Bobine Chestnutt,Chennai
737,Moses Welbourn,Chennai
738,Delilah Gunney,Mysore
739,Cris Djurisic,Mumbai
740,Lew Spinetti,Mumbai
741,Willi Colloby,Chennai
742,Frederich Eixenberger,Noida
743,Killian Castillon,Mumbai
744,Fionna Edes,Chennai
745,Brandtr Gooderidge,Pune
746,Bary Cheer,Pune
747,Alicia Faussett,Noida
748,Raynor Harm,Noida
749,Orella Spolton,Mumbai
750,Egbert Wolverson,Noida
751,Karon Gather,Hyderabad
752,Sydelle Bittlestone,Hyderabad
753,Mallissa Blondelle,Chennai
754,Adel Ison,Chennai
755,Willi Goburn,Mysore
756,Chandal Yukhov,Hyderabad
757,Kennith Selliman,Mysore
758,Ali Storrar,Gurugram
759,Franky Blackadder,Hyderabad
760,Reyna Crackel,Chennai
761,Koren Kemet,Chennai
762,Evita Oherlihy,Mysore
763,Janette Whitehouse,Gurugram
764,Alexandrina Helm,Mysore
765,Shirleen MacRedmond,Mysore
766,Andy Radford,Gurugram
767,Lewiss Warsap,Bangalore
768,Norry Rodmell,Hyderabad
769,Evan Longmead,Chennai
770,Kristan Liversidge,Gurugram
771,Delainey Cuardall,Hyderabad
772,Donall Toffolo,Hyderabad
773,Ottilie Worssam,Bangalore
774,Idette Brearley,Mumbai
775,Rheta Melrose,Mumbai
776,Lowe Rahlof,Gurugram
777,Briney Bloor,Mumbai
778,Shirlene Uwins,Chennai
779,Lainey Carefull,Noida
780,Jamie Vickerstaff,Gurugram
781,Kingston Lethbridge,Mumbai
782,Pail Sexstone,Chennai
783,Asia Chicchelli,Pune
784,Thorn Wishart,Hyderabad
785,Brade Serrell,Hyderabad
786,Almeta Wincer,Gurugram
787,Marcel Jirek,Pune
788,Calley Calliss,Pune
789,Cordey MacGregor,Pune
790,Bernita Sesser,Chennai
791,Ernest Ridel,Noida
792,Reamonn Hindrick,Pune
793,Dougie Pabel,Noida
794,Nikita Tolchard,Mumbai
795,Artie Elderidge,Mumbai
796,Belva Cashman,Bangalore
797,Mylo Gratrix,Chennai
798,Amandi Dewdney,Mysore
799,Ashli Ordemann,Noida
800,Abelard Purle,Noida
801,Belvia Arrowsmith,Gurugram
802,Claudian Southern,Noida
803,Ike Milberry,Chennai
804,Ingamar Ecob,Mysore
805,Claiborne Chillingsworth,Pune
806,Brandon McCook,Bangalore
807,Allene Siddons,Hyderabad
808,Rodie Rosenstein,Bangalore
809,Gleda Bonhomme,Gurugram
810,Marie Mycroft,Gurugram
811,Henriette Loxston,Bangalore
812,Woodrow Pentelo,Pune
813,Moshe Loughhead,Gurugram
814,Kendell Ainslie,Noida
815,Ermentrude Ovize,Noida
816,Phip Burdge,Mysore
817,Aloin Kayser,Pune
818,Ravi Rajchert,Mumbai
819,Hashim Lain,Noida
820,Mitchel Ibbett,Chennai
821,Augusta Deabill,Mumbai
822,Jourdan McGonagle,Hyderabad
823,Madelon Shepland,Gurugram
824,Alvera Garrood,Chennai
825,Wilona Mattia,Hyderabad
826,Birk Noke,Pune
827,Cammy Hamsson,Mumbai
828,Valeda Cattrall,Hyderabad
829,Rana Goadsby,Chennai
830,Odetta Kirkness,Noida
831,Truman Ladon,Chennai
832,Cassandra Karadzas,Hyderabad
833,Nada Vale,Mumbai
834,Jonah Hanlon,Hyderabad
835,Maritsa Shaddock,Noida
836,Stavros Crews,Bangalore
837,Morse Yorke,Pune
838,Gayla Bunner,Gurugram
839,Lizbeth Lumsdaine,Mysore
840,Torin Domenge,Noida
841,Dru Reiner,Pune
842,Gates Juanes,Pune
843,Hamlen Igglesden,Bangalore
844,Valene Gilardoni,Chennai
845,Ambur Foucar,Pune
846,Lotta Blomefield,Pune
847,Cyrill Dunsire,Noida
848,Giff Lumsdale,Bangalore
849,Andra Bruck,Mysore
850,Torey Scouller,Hyderabad
851,Vicki Pexton,Gurugram
852,Isador Geistbeck,Pune
853,Dael Duhig,Mumbai
854,Bambie Sporton,Bangalore
855,Loralyn Handasyde,Mysore
856,Vikky Kinnier,Hyderabad
857,Jerad Arnoldi,Chennai
858,Forest Matchitt,Mumbai
859,Cheri Meneghi,Noida
860,Sydney Wynter,Gurugram
861,Kimmy Gaitone,Hyderabad
862,Jaynell McMeyler,Bangalore
863,Marcy Mingo,Bangalore
864,Lena Corbould,Mumbai
865,Hermy Last,Pune
866,Washington Brereton,Mysore
867,Iorgos Gillean,Chennai
868,Lynda Fealty,Mumbai
869,Darby Vidgen,Mumbai
870,Mirabella Goldwater,Hyderabad
871,Mehetabel Beale,Mumbai
872,Abe Sheraton,Noida
873,Lanni Starcks,Gurugram
874,Aubrie McCritichie,Pune
875,Elwira Gianinotti,Bangalore
876,Leontyne Boken,Pune
877,Annalise Darker,Chennai
878,Marijo Witard,Noida
879,Filippa Baalham,Noida
880,Sibbie Ferby,Mumbai
881,Minna Jahnke,Bangalore
882,Dominique Readshaw,Pune
883,Janice Willerstone,Noida
884,Reyna Tireman,Gurugram
885,Wendye Mournian,Noida
886,Korey Holcroft,Chennai
887,Delbert Mutton,Mysore
888,Saundra Stackbridge,Bangalore
889,Chance Scranedge,Noida
890,Britt Cudihy,Bangalore
891,Maurise Holborn,Bangalore
892,Hamlen Sorrie,Bangalore
893,Ardyth Antonio,Gurugram
894,Angeli Wewell,Pune
895,Eleanora Ridel,Pune
896,Lucais Dutch,Pune
897,Jolene Dowdeswell,Pune
898,Kile Mannion,Hyderabad
899,Yvette Kerins,Pune
900,Daisy Nizard,Noida
901,Hilario Braker,Mumbai
902,Ladonna Brocklehurst,Gurugram
903,Mareah Chason,Mysore
904,Babbie Ziemens,Hyderabad
905,Terri Elrick,Gurugram
906,Sandye Bemrose,Mysore
907,Bernadine Seals,Mysore
908,Nerte Danieli,Chennai
909,Vince Hamblett,Hyderabad
910,Janos Ballantine,Noida
911,Staford Haliburn,Gurugram
912,Patrizius Noods,Noida
913,Melonie Jore,Mumbai
914,Scotti Baudrey,Bangalore
915,Fielding Cicerone,Pune
916,Myrah Vile,Noida
917,Nolie Ludlamme,Chennai
918,Rodolphe Shuttle,Gurugram
919,Ervin O' Brian,Gurugram
920,Esther Boram,Mysore
921,Helen-elizabeth Croasdale,Chennai
922,Bertrand Goulding,Hyderabad
923,Minette McGooch,Chennai
924,Dulcy Klimpke,Hyderabad
925,Kevin Battershall,Mysore
926,Cully Savory,Pune
927,Jacinthe Jahnke,Mumbai
928,Peadar Folliott,Mumbai
929,Nita Tradewell,Chennai
930,Eolande Mill,Noida
931,Judas Moppett,Bangalore
932,Alis Agott,Gurugram
933,Lyn Boriston,Hyderabad
934,Wainwright Jeary,Hyderabad
935,Madlen Bish,Mysore
936,Sumner Antonioni,Mysore
937,Corena Kidsley,Mumbai
938,Fletcher Galland,Pune
939,Darda Langland,Hyderabad
940,Vale Boor,Pune
941,Leopold Hurdwell,Bangalore
942,Lolly Quaif,Hyderabad
943,Brier Birtwhistle,Pune
944,Daniela Lancaster,Chennai
945,Phyllis Karpmann,Gurugram
946,Lesly Woolfoot,Bangalore
947,Dasya Channer,Noida
948,Son Bastick,Bangalore
949,Debee Jaynes,Pune
950,Laure Rothert,Gurugram
951,Brier Gaspar,Mumbai
952,Gard Thurlby,Gurugram
953,Alfie Corser,Hyderabad
954,Manda Jiroudek,Hyderabad
955,Mervin Woodroof,Chennai
956,Eula Schiersch,Noida
957,Anders Ryley,Mumbai
958,Gustaf Barrable,Bangalore
959,Wolfy Gealle,Mysore
960,Roxana O Sullivan,Chennai
961,Coletta Bazely,Mumbai
962,Tracee Churms,Mumbai
963,Say Russel,Noida
964,Luise Bearne,Mumbai
965,Danyette Goodacre,Bangalore
966,Nerissa Normanville,Noida
967,Madlen Quinet,Mysore
968,Ilyse Leggs,Gurugram
969,Amy Hancox,Mysore
970,Brigham Harriday,Pune
971,Micah Dinsdale,Gurugram
972,Trevor Moynham,Hyderabad
973,Oralla Harefoot,Chennai
974,Isabelita Vanyukhin,Noida
975,Free Yurkevich,Noida
976,Dewain Gorsse,Mumbai
977,Perren Barnet,Bangalore
978,Blisse Muirhead,Noida
979,Elia Ruspine,Chennai
980,Savina Babber,Pune
981,Keven Lukash,Gurugram
982,Anjanette Fernez,Chennai
983,Annalee Lodwick,Hyderabad
984,Marsha Thumim,Gurugram
985,Jewelle Vernham,Gurugram
986,Prudi Giraudel,Mysore
987,Lorant Shears,Gurugram
988,Mohandas Patemore,Bangalore
989,Franny Grubey,Pune
990,Lucretia Levin,Gurugram
991,Charley Sturr,Pune
992,Constantino Bembridge,Hyderabad
993,Alys Espinet,Hyderabad
994,Emmalynne Redhills,Bangalore
995,Tabbi Jolin,Chennai
996,Rey Musso,Noida
997,Claiborne Shapland,Hyderabad
998,Genvieve Soall,Pune
999,Dewey Gruszka,Mumbai
1000,Zabrina Le Brun,Noida
10001,Phaniraj,Bangalore
